,parameter,significant_percent
0,loss_sens,40.816326530612244
1,perturb,85.71428571428571
